Payment History,Credit Utilization Ratio,Number of Credit Accounts,Education Level,Employment Status
88,64.8822840291576,4,PhD,Self-Employed
78,47.95821017542502,2,Master,Self-Employed
64,58.41994847141693,13,Master,Self-Employed
92,73.68224753949129,14,PhD,Employed
57,55.77422659504374,4,Bachelor,Self-Employed
70,58.65354346607591,1,PhD,Employed
88,56.44585425226413,7,Bachelor,Self-Employed
68,37.87726259512893,2,High School,Employed
72,33.74468338719181,13,High School,Employed
60,89.96473971450123,2,PhD,Unemployed
60,60.75552222935728,9,PhD,Self-Employed
73,24.435315546465453,5,High School,Self-Employed
85,49.824769784894016,2,Bachelor,Employed
89,33.0348481280914,11,High School,Employed
73,93.36918237598746,9,PhD,Employed
52,0.753436313407474,9,High School,Unemployed
71,22.533279771252822,1,PhD,Unemployed
51,36.535681967405765,11,PhD,Employed
73,48.78098008087379,3,High School,Self-Employed
93,85.08175178361462,4,Bachelor,Self-Employed
79,8.788762454014387,14,Master,Unemployed
87,80.58648867411435,7,High School,Unemployed
51,5.565348935697534,10,Master,Employed
70,84.23140352981817,4,High School,Self-Employed
82,5.163547787451284,2,Master,Employed
61,1.8242481428361046,7,Bachelor,Unemployed
71,69.69614623664215,6,Bachelor,Self-Employed
93,99.72555347683944,3,High School,Self-Employed
74,89.66102629740207,6,PhD,Unemployed
98,57.599841780565995,11,Master,Employed
76,91.73956130855316,6,PhD,Employed
91,0.5300006397605417,12,PhD,Self-Employed
77,97.50671629451425,5,PhD,Unemployed
65,49.07487792587845,4,Bachelor,Self-Employed
64,72.28960966217757,10,High School,Unemployed
96,82.08614731533525,12,High School,Employed
100,71.84572708365536,1,Bachelor,Unemployed
93,53.50367320449105,10,Bachelor,Employed
52,47.661948412641195,6,High School,Unemployed
86,83.85825587026248,2,PhD,Self-Employed
100,20.50775601494591,13,Master,Employed
56,96.79940665042342,3,Master,Self-Employed
70,71.09524788367483,14,Master,Self-Employed
58,19.950692733831975,8,PhD,Employed
88,73.62471836984882,10,High School,Employed
67,52.98400231811166,14,Bachelor,Self-Employed
53,70.72300956444445,14,High School,Self-Employed
74,76.77795014428388,6,PhD,Self-Employed
63,8.729017958967544,3,Bachelor,Self-Employed
99,50.6103956359347,7,PhD,Employed
58,93.20143422569342,4,Master,Employed
75,32.064219215951425,14,Master,Self-Employed
51,59.388309755789884,9,PhD,Unemployed
69,36.923048150989615,5,Bachelor,Unemployed
77,45.426797221909965,3,Bachelor,Employed
96,54.86031179381532,2,High School,Self-Employed
56,54.89219798889773,11,Master,Self-Employed
93,20.173046233023584,2,High School,Employed
57,68.45715478798333,3,High School,Unemployed
96,8.78681112426568,2,PhD,Unemployed
84,13.882477344202037,14,PhD,Unemployed
63,0.27108994143296705,4,High School,Employed
66,11.669606414168133,2,Master,Unemployed
85,47.31662010518922,10,PhD,Employed
99,60.61018810558386,9,High School,Employed
89,79.42894499664625,2,High School,Self-Employed
53,10.669925011343606,9,High School,Unemployed
51,85.07274600164547,13,High School,Employed
55,74.59745255487181,6,High School,Unemployed
91,40.85182929359169,1,High School,Unemployed
53,93.29380670999547,4,PhD,Self-Employed
78,99.09294764573906,14,Master,Unemployed
67,20.500181005323725,1,High School,Self-Employed
75,37.922858496380044,14,Bachelor,Employed
93,92.64494235897112,6,PhD,Unemployed
83,72.15965507512772,14,PhD,Employed
59,4.809464396408769,13,High School,Unemployed
85,78.1514481751415,4,PhD,Employed
63,82.79408871774919,3,High School,Unemployed
80,75.05019247653135,3,Master,Unemployed
97,79.95371309195156,9,Master,Unemployed
64,82.51326766927973,6,PhD,Unemployed
57,18.64049867881441,9,PhD,Unemployed
63,23.569174606499978,13,Bachelor,Unemployed
72,63.37585637201772,5,PhD,Unemployed
89,90.7866130462516,2,Bachelor,Unemployed
70,31.61965822964946,8,Master,Unemployed
65,58.83066757950567,5,Master,Employed
94,68.29820634171324,2,High School,Self-Employed
67,45.19486012990392,4,Master,Unemployed
96,71.3782454855326,9,Bachelor,Self-Employed
73,89.96674452921731,4,PhD,Unemployed
75,62.41015441818376,13,High School,Unemployed
74,53.978106191463304,12,Bachelor,Employed
94,43.874467538833905,12,PhD,Employed
90,57.74862709061257,12,High School,Self-Employed
78,35.53624518183959,13,Master,Employed
64,39.14821102015019,14,Bachelor,Employed
94,53.185747968817395,4,PhD,Self-Employed
50,6.661911239081697,2,High School,Employed
74,22.902539092479635,13,High School,Unemployed
56,54.28493106134089,12,Master,Self-Employed
58,43.152814313644264,6,PhD,Self-Employed
73,33.281578591248426,13,Master,Unemployed
50,73.05491368093014,11,Master,Employed
93,69.37176074033384,14,PhD,Self-Employed
57,16.673075999338316,2,PhD,Self-Employed
73,87.86291153734382,12,PhD,Unemployed
60,49.54236264039656,7,Bachelor,Unemployed
100,74.14609111390455,3,PhD,Employed
66,57.315084925738866,3,High School,Self-Employed
57,99.76926159238432,5,Master,Employed
84,75.24031200388227,3,Bachelor,Employed
84,70.69804612434591,2,PhD,Unemployed
82,77.8571939050751,10,Bachelor,Self-Employed
54,14.312798554846962,9,PhD,Self-Employed
91,20.454459316946327,2,Bachelor,Self-Employed
88,71.40640822236142,14,Master,Unemployed
90,49.398148713086265,11,Master,Unemployed
77,75.46352918601166,2,High School,Unemployed
56,10.291603074414502,13,High School,Unemployed
58,53.648135148459474,8,PhD,Unemployed
57,37.88215655569157,9,Master,Self-Employed
61,45.700021928167835,7,Bachelor,Employed
83,60.39578720725125,3,Bachelor,Self-Employed
82,50.228834746253014,9,Bachelor,Employed
97,53.98606371128367,3,High School,Unemployed
72,48.63574819956078,5,Bachelor,Employed
73,40.89551770854932,9,High School,Self-Employed
86,77.18819805982451,12,High School,Self-Employed
84,1.2203072318044517,14,PhD,Employed
93,59.8442701205227,14,Bachelor,Unemployed
89,56.55083473229738,3,Bachelor,Unemployed
71,71.61790747329522,7,Master,Self-Employed
76,59.90293647773265,12,PhD,Employed
84,82.67988278090783,1,Master,Unemployed
50,95.90747945640278,4,PhD,Unemployed
84,34.25242571785434,4,Bachelor,Self-Employed
86,22.7350983029987,7,High School,Unemployed
96,42.35968624204829,8,High School,Employed
63,28.79296164757261,1,High School,Self-Employed
52,61.49502631526544,5,High School,Self-Employed
50,91.18524088429648,7,High School,Employed
54,13.911619414306188,12,Master,Self-Employed
75,10.07946030158865,4,PhD,Unemployed
63,25.60155318536622,13,Bachelor,Unemployed
88,72.60955860624007,4,Master,Employed
76,59.296290525882156,4,PhD,Unemployed
58,10.221266422519959,12,High School,Employed
64,91.87505222607464,6,PhD,Employed
64,79.00846371240867,7,PhD,Unemployed
75,2.3022604787637513,2,High School,Employed
91,65.13672109882461,5,High School,Unemployed
62,77.1246668519738,4,High School,Self-Employed
100,37.4435369720422,14,Bachelor,Self-Employed
81,6.892153936721879,13,High School,Employed
88,7.7321065488787255,3,Bachelor,Unemployed
98,10.42469660518095,7,High School,Unemployed
81,84.04396319804229,11,Bachelor,Self-Employed
53,91.0686198255713,12,PhD,Self-Employed
79,12.28107818457338,6,Master,Unemployed
86,23.59060345950812,14,PhD,Employed
72,16.552051036728976,7,PhD,Self-Employed
88,18.632087949412067,5,High School,Employed
94,83.7490789002492,13,Bachelor,Employed
64,33.214641265493896,6,Master,Self-Employed
92,31.14442640456412,5,High School,Employed
78,22.739562087711263,14,High School,Employed
85,60.78943937942587,7,High School,Unemployed
62,37.93056983855488,2,PhD,Employed
81,74.42496518432888,14,Bachelor,Unemployed
56,20.55798083756375,11,Bachelor,Self-Employed
100,78.77898887144924,5,Master,Self-Employed
71,60.3721531730139,6,Bachelor,Unemployed
77,11.426730005568775,6,Bachelor,Self-Employed
51,41.450458420362764,5,High School,Employed
91,86.3518140612957,10,High School,Employed
94,92.29602317984849,7,PhD,Employed
55,46.57001223188132,10,High School,Self-Employed
77,48.08369780890735,8,High School,Employed
77,91.84547249393012,7,High School,Self-Employed
93,58.706822413656724,5,High School,Employed
93,3.2846670243438347,1,PhD,Unemployed
69,91.27494628791288,13,High School,Self-Employed
79,24.822644275715188,5,Master,Self-Employed
60,57.76319540915472,10,Master,Employed
77,16.55133174279738,2,Master,Self-Employed
74,3.3879160246594986,13,Master,Self-Employed
88,31.14731711327574,5,High School,Unemployed
82,78.04957075460877,5,Master,Unemployed
50,27.75871726294181,2,High School,Employed
76,22.009721408109705,5,PhD,Unemployed
62,21.26807843412263,13,Master,Employed
90,51.51736824068126,4,Bachelor,Employed
52,97.55413156827562,1,Master,Employed
88,45.89889880170131,3,Master,Self-Employed
55,55.73053688900479,1,High School,Unemployed
57,86.06320178907339,12,Master,Employed
76,53.506971893365865,11,Bachelor,Unemployed
58,18.44628714188561,5,High School,Employed
86,29.959591176647706,4,High School,Unemployed
82,30.99369262686109,7,PhD,Unemployed
100,39.73181154575979,5,PhD,Employed
91,42.67889053367494,10,Master,Self-Employed
93,79.97820220742695,14,PhD,Unemployed
73,34.9386999049333,4,PhD,Self-Employed
64,46.82318284413793,2,PhD,Self-Employed
81,62.497598705105226,4,High School,Employed
81,37.77259474401693,12,High School,Employed
73,83.65648132923329,2,High School,Employed
90,58.74536042340743,8,PhD,Unemployed
98,29.404467922097155,3,High School,Employed
98,71.40591997898282,9,PhD,Employed
61,52.764773014478585,13,High School,Unemployed
88,53.44558912572469,4,High School,Unemployed
51,48.1087948387586,13,Bachelor,Employed
52,49.7011948821249,6,Master,Employed
98,76.53562810662406,10,PhD,Employed
86,10.298147933131553,5,Bachelor,Employed
98,33.43628113104822,10,High School,Self-Employed
66,7.550336380388922,13,PhD,Self-Employed
98,75.32462207474508,1,High School,Employed
51,27.230185472029945,9,Master,Self-Employed
51,89.74304098188843,1,Bachelor,Unemployed
77,52.65784666592938,8,Master,Self-Employed
72,80.0749771486121,9,Bachelor,Self-Employed
86,97.89314356159612,9,High School,Employed
81,83.97888594565705,1,Master,Self-Employed
82,86.69937600115234,2,Master,Self-Employed
50,40.79844953648447,12,High School,Self-Employed
68,55.172259525933974,13,Master,Self-Employed
51,25.38885640433043,1,PhD,Unemployed
93,19.61130996934528,10,Bachelor,Employed
75,50.550787910603376,2,Bachelor,Employed
81,59.50489797004206,10,Bachelor,Unemployed
55,33.9271245896191,12,PhD,Self-Employed
81,56.94435177635003,8,Bachelor,Unemployed
53,88.7460482513503,5,High School,Self-Employed
60,55.672158478336605,12,Master,Unemployed
66,72.08130963105066,11,PhD,Employed
87,80.53149673579051,7,Bachelor,Employed
73,98.87287819554427,2,High School,Employed
54,60.31974021769796,8,Master,Self-Employed
83,80.6850148962586,11,Master,Self-Employed
55,96.26493185548746,6,PhD,Unemployed
71,94.44097255772735,8,PhD,Unemployed
60,14.108184877771357,1,PhD,Employed
97,40.6392308273522,1,High School,Self-Employed
65,32.39900611067996,12,High School,Unemployed
82,8.692501495034932,7,PhD,Self-Employed
58,63.324077491096055,8,Bachelor,Self-Employed
55,73.59046131960024,13,Master,Employed
65,84.81280954668836,3,Master,Employed
78,12.27768896627085,5,High School,Self-Employed
52,87.64440758752939,12,Master,Self-Employed
69,64.29255636142533,1,Bachelor,Self-Employed
85,70.39461351385094,7,Master,Self-Employed
68,91.06240035403039,5,High School,Employed
75,62.47612710432511,8,High School,Unemployed
52,33.58658571498351,13,Bachelor,Employed
68,82.51073314226598,8,Bachelor,Unemployed
69,36.30592121950905,9,Master,Self-Employed
81,3.4228110820529123,7,Master,Unemployed
56,83.06545065652497,11,High School,Employed
90,34.51921448812756,1,Bachelor,Employed
82,77.38345232013403,13,Bachelor,Self-Employed
89,36.275789466594546,3,Bachelor,Employed
88,86.10680199747216,8,Master,Self-Employed
67,21.95105250809587,3,Bachelor,Employed
89,97.45472651988699,8,High School,Employed
50,77.97587747880308,1,High School,Self-Employed
60,11.423792592039684,5,Master,Unemployed
77,56.57766199665605,4,PhD,Employed
74,98.53673122417347,5,Master,Unemployed
99,47.10654526938144,8,PhD,Employed
72,18.210713882158323,10,Bachelor,Employed
80,48.47783671503462,14,Master,Employed
79,51.24576558819216,4,High School,Employed
91,74.16869442286655,11,Bachelor,Unemployed
84,69.88458531609044,4,High School,Unemployed
56,40.255004359698056,3,Bachelor,Employed
65,21.802310749408647,7,Master,Employed
75,64.50541677693295,3,PhD,Unemployed
97,42.17039345532818,12,Bachelor,Self-Employed
98,13.22762111253304,3,PhD,Self-Employed
51,90.05723012363856,11,Bachelor,Unemployed
50,69.12218576096544,10,High School,Employed
97,68.31838564454814,5,High School,Employed
61,82.25838759116739,5,Bachelor,Self-Employed
54,52.966167865508105,14,PhD,Self-Employed
86,81.5054428402457,6,Master,Unemployed
81,49.809075351100574,8,Master,Self-Employed
58,6.717539991571009,10,High School,Unemployed
90,40.524808802768874,6,Master,Self-Employed
84,49.74648939798906,12,High School,Self-Employed
68,72.02025816322958,1,Master,Self-Employed
97,10.657873012867435,8,Bachelor,Employed
65,14.0018538660449,8,High School,Employed
52,26.368380263461646,9,High School,Employed
69,26.64983933708822,9,Bachelor,Self-Employed
73,73.21845784590624,2,High School,Unemployed
82,25.073066056159774,2,Master,Unemployed
73,63.30980633574475,3,Master,Unemployed
60,49.42738501382714,1,High School,Unemployed
98,57.32943781794007,4,Master,Employed
57,83.81069631782958,14,PhD,Employed
85,40.43815015490243,4,High School,Self-Employed
87,77.09113770642705,14,Bachelor,Self-Employed
89,42.20360595506874,9,PhD,Unemployed
69,35.38713765612494,9,High School,Employed
84,95.86271773132205,9,Bachelor,Unemployed
97,18.437092067896323,10,Master,Self-Employed
74,9.033696057760787,7,Bachelor,Self-Employed
84,77.09859255354785,14,PhD,Unemployed
74,6.824970535409158,2,Master,Self-Employed
78,83.70789907030294,10,High School,Unemployed
67,43.71933963572435,5,Master,Employed
95,91.5513677291914,4,High School,Unemployed
67,72.15328611219056,12,High School,Employed
51,61.04046670079576,11,Bachelor,Employed
84,94.93067970577657,8,Bachelor,Self-Employed
65,39.66493730520543,2,Bachelor,Self-Employed
90,95.40869365396331,6,PhD,Self-Employed
85,13.500127742120693,13,PhD,Unemployed
82,48.37549419324127,5,Bachelor,Unemployed
53,26.99112223921949,12,PhD,Self-Employed
82,53.98427789081934,2,Master,Unemployed
63,16.20138778915846,11,Master,Self-Employed
70,84.15296603100434,10,PhD,Unemployed
97,84.64078493145573,1,PhD,Employed
69,95.5236312723479,8,Master,Employed
57,15.467214088323622,2,High School,Self-Employed
56,62.33325509049907,7,Master,Unemployed
52,47.42373087003696,9,Master,Unemployed
66,34.43837320442332,9,PhD,Employed
82,35.15401611342188,8,Master,Employed
97,41.27935506067523,11,PhD,Self-Employed
61,70.4925549688953,14,PhD,Employed
100,59.82860582681546,12,Bachelor,Self-Employed
71,45.96815127611311,10,Master,Employed
71,7.593341036962209,9,High School,Employed
95,7.776534407895708,2,Bachelor,Unemployed
79,0.23393906257782593,6,PhD,Employed
87,96.76993882070865,4,PhD,Employed
87,0.5253818558384915,14,High School,Self-Employed
94,10.309374601374488,4,PhD,Employed
100,31.45965568094109,5,Master,Self-Employed
57,80.74302518167612,12,Bachelor,Employed
76,96.20987857641177,3,PhD,Employed
76,79.00135587918561,14,PhD,Self-Employed
83,69.05602324456406,1,High School,Unemployed
70,52.13006674135694,8,Master,Self-Employed
79,8.67052118621836,5,PhD,Self-Employed
82,95.81707930039303,3,High School,Self-Employed
77,75.83924139456815,10,PhD,Unemployed
96,63.894938533426185,14,High School,Employed
82,75.90358455388498,7,High School,Self-Employed
54,72.41033292731386,7,Master,Self-Employed
97,63.723157978948684,1,PhD,Unemployed
68,98.05768001799882,12,Master,Self-Employed
53,90.33638126360249,9,High School,Employed
84,64.66649191171634,2,Bachelor,Unemployed
98,69.31752114569247,5,PhD,Employed
66,5.159580665870999,13,Bachelor,Employed
93,66.99174645500392,14,PhD,Unemployed
77,4.4165437710100175,5,Master,Self-Employed
79,58.826375696993104,14,Master,Employed
78,99.93534995658348,8,Master,Employed
95,55.58065814371796,14,Master,Employed
55,47.32101180813334,8,Master,Employed
84,31.285485650558755,14,Bachelor,Unemployed
90,12.052257878646444,7,Master,Unemployed
86,73.10236714582817,7,High School,Employed
73,19.259902778563042,12,High School,Self-Employed
78,11.528202124728438,11,Bachelor,Employed
98,42.17626597305125,6,PhD,Self-Employed
95,79.53418379590974,6,High School,Employed
80,74.50645481202204,11,PhD,Self-Employed
84,5.4882614646474925,9,Bachelor,Employed
82,45.51436850361561,6,PhD,Self-Employed
70,52.243457607116895,12,PhD,Employed
81,64.45466506258222,13,PhD,Employed
72,65.01673504432281,13,PhD,Self-Employed
82,36.46972494573058,2,Bachelor,Unemployed
52,56.0677194003514,2,High School,Self-Employed
67,48.10618838440865,13,Master,Unemployed
74,88.4998356523281,5,PhD,Employed
91,53.02651326349002,4,High School,Self-Employed
80,44.10321617481616,11,High School,Self-Employed
52,40.448544968185075,2,Bachelor,Self-Employed
89,57.24277594334657,3,High School,Unemployed
95,80.39769794008976,7,Bachelor,Unemployed
73,53.840149038078756,8,PhD,Employed
99,66.16551750805415,12,PhD,Unemployed
81,73.7855766906525,13,Master,Unemployed
96,52.016810987873185,6,Master,Employed
71,42.68170566548643,11,Master,Self-Employed
72,87.66653778624494,5,High School,Self-Employed
51,41.75060840278921,13,PhD,Employed
76,46.19428505755876,1,Bachelor,Self-Employed
91,99.03413133417772,8,Master,Unemployed
51,0.02375235758845795,3,Bachelor,Employed
75,18.547290957672246,6,Bachelor,Employed
66,38.39638899197257,3,Master,Employed
89,93.25899094252529,7,PhD,Self-Employed
82,7.002970574747103,13,Master,Employed
58,0.9485433628498074,14,Bachelor,Employed
92,5.268383597722859,7,Master,Employed
97,8.854341061361815,12,Bachelor,Self-Employed
88,3.759677320626087,9,Bachelor,Unemployed
78,47.97813268565048,5,Master,Employed
91,58.07572072273277,8,High School,Unemployed
75,27.168697106900407,10,Master,Self-Employed
84,39.828738397563555,10,High School,Self-Employed
99,9.169933511143014,8,Bachelor,Self-Employed
74,33.63704638284221,1,Bachelor,Self-Employed
73,52.25191916345231,12,High School,Unemployed
62,73.22718071846451,5,Bachelor,Employed
56,0.3346362042979223,3,High School,Self-Employed
85,46.73107665376526,1,High School,Self-Employed
94,29.70028764548822,4,Bachelor,Unemployed
69,85.28218216919014,8,PhD,Unemployed
50,71.55533152342419,3,High School,Self-Employed
57,58.91085344708949,10,Master,Employed
95,27.726564569677357,2,Master,Employed
65,91.03391020575343,11,Bachelor,Self-Employed
63,4.510067722032318,9,PhD,Unemployed
61,10.946759867911515,10,Bachelor,Self-Employed
100,39.16301405403561,5,PhD,Self-Employed
72,12.443755729685634,14,High School,Unemployed
64,95.6415697559425,7,High School,Self-Employed
77,79.79893221433834,11,High School,Self-Employed
83,25.898265160181367,11,High School,Self-Employed
51,58.85542289732454,2,Master,Unemployed
81,98.23305150800816,9,Master,Employed
72,88.4198978131503,13,Bachelor,Employed
71,60.079844644219804,9,PhD,Unemployed
100,90.37239671752705,4,High School,Employed
74,98.91849098133589,4,High School,Self-Employed
71,74.33528228936241,6,PhD,Employed
71,6.4986409482894025,10,PhD,Self-Employed
98,40.15802364254875,10,Bachelor,Employed
91,83.78257352832455,10,PhD,Unemployed
55,23.0569195805019,6,High School,Employed
64,83.06425177506246,12,High School,Employed
92,12.033876203499593,1,High School,Employed
86,4.694535714781301,14,High School,Unemployed
82,38.40906114912496,14,High School,Employed
57,3.6731937426613626,9,Bachelor,Unemployed
93,95.72702629833256,2,High School,Self-Employed
93,82.62056957939659,5,Bachelor,Employed
54,80.07696871298751,9,High School,Unemployed
88,62.97779229961531,4,Master,Unemployed
53,21.63240230365535,11,Master,Employed
55,51.82603666763922,3,Master,Self-Employed
94,59.7274072430341,7,Master,Unemployed
81,52.50315008602682,6,Bachelor,Employed
79,26.02333679515273,8,Bachelor,Self-Employed
96,51.52479243147259,3,PhD,Unemployed
84,49.118634086862656,5,High School,Unemployed
89,99.63357758067242,10,Master,Self-Employed
65,89.74361480462039,4,Bachelor,Self-Employed
62,46.33807482156199,13,High School,Employed
99,62.29373829351187,4,High School,Employed
91,74.78716040922285,4,Bachelor,Unemployed
79,3.486516023382491,10,Master,Self-Employed
68,89.49214412278398,8,PhD,Self-Employed
66,86.01268164179238,6,High School,Self-Employed
68,45.74320977737073,3,PhD,Unemployed
77,39.11697660803798,10,Master,Self-Employed
75,27.295937485631494,5,Master,Self-Employed
86,47.66768283303684,6,PhD,Unemployed
75,4.437666353323677,5,Master,Employed
72,85.21935333470077,6,High School,Employed
58,3.542236841854507,8,PhD,Unemployed
61,32.9051365369871,7,Master,Self-Employed
50,93.158948831899,5,PhD,Unemployed
50,73.52126545234528,10,High School,Employed
96,28.139096057752678,6,Master,Employed
83,25.26490939608851,14,High School,Unemployed
81,0.5082139818025966,4,Master,Unemployed
97,69.57142928497501,12,Bachelor,Employed
74,4.878358167317309,9,Master,Unemployed
89,53.26025194007621,13,PhD,Employed
94,96.21219725920498,4,Master,Unemployed
50,10.94688600544539,1,High School,Unemployed
65,89.44799309680674,7,High School,Unemployed
88,99.14753351450481,7,Master,Employed
54,6.151702623923505,4,PhD,Unemployed
71,88.29062691374612,13,Bachelor,Employed
78,51.607902044361666,14,PhD,Employed
52,90.651371944458,3,Bachelor,Unemployed
61,57.131894191957414,8,High School,Unemployed
75,66.21120101065647,5,PhD,Employed
65,54.37789079973992,10,Bachelor,Employed
100,86.44928803073485,7,Master,Self-Employed
86,73.39099189537018,4,High School,Employed
71,52.12603121804149,4,Master,Self-Employed
78,86.8160804051547,8,High School,Self-Employed
63,24.528553225533457,14,PhD,Self-Employed
77,15.734065970252598,8,PhD,Unemployed
54,16.04001053300721,2,High School,Unemployed
96,33.40088787452379,14,High School,Employed
98,23.869003130101753,2,High School,Self-Employed
79,93.00903505097386,3,PhD,Unemployed
95,10.583409382858399,12,Bachelor,Unemployed
54,69.89907380395877,12,Master,Unemployed
61,18.92215397850059,3,Master,Unemployed
65,88.16371327703501,1,PhD,Unemployed
75,96.13152881849074,14,Master,Self-Employed
75,46.547000876998354,3,High School,Self-Employed
97,87.90714802281316,6,Bachelor,Self-Employed
70,0.5145170754714767,8,Master,Self-Employed
88,81.99469174081001,13,Bachelor,Employed
85,22.86251615249235,12,High School,Self-Employed
82,90.87013092693678,14,Master,Unemployed
79,0.11201114801094869,10,PhD,Self-Employed
86,55.6181735039757,6,Bachelor,Employed
72,75.66358037849346,5,High School,Unemployed
59,25.868833069790796,4,Bachelor,Self-Employed
54,19.313286458729305,3,Master,Self-Employed
85,8.409822446798465,13,Master,Self-Employed
83,32.6433576503293,4,PhD,Unemployed
80,55.98443123088295,14,High School,Unemployed
59,11.584385678025766,7,High School,Employed
68,37.66953619867988,1,PhD,Unemployed
81,0.9072404652724964,7,PhD,Unemployed
50,81.86794204998418,1,High School,Self-Employed
54,12.844871809319136,2,Bachelor,Unemployed
94,28.33429482655816,4,Bachelor,Self-Employed
53,1.842771873821747,1,PhD,Self-Employed
65,43.22407838925123,11,Bachelor,Unemployed
73,84.01215027412188,12,High School,Employed
65,39.21512114451966,11,Master,Employed
51,17.94973234238334,11,Master,Unemployed
98,75.36988340505192,9,Bachelor,Employed
77,78.88069818707443,12,PhD,Self-Employed
81,17.37534753075668,6,PhD,Self-Employed
76,77.08541085409898,13,PhD,Unemployed
69,94.7297888256338,1,PhD,Employed
73,16.637758693227234,1,PhD,Employed
61,77.09842925321355,6,Bachelor,Self-Employed
99,70.85720046026293,4,Master,Unemployed
84,47.35738884350885,4,Master,Employed
82,5.79204605587983,11,Bachelor,Unemployed
82,7.469441775785402,6,PhD,Employed
100,85.24146591986477,14,Bachelor,Self-Employed
92,99.0148372750647,12,Master,Self-Employed
86,67.60522571867544,11,High School,Unemployed
61,44.59583070103215,7,Bachelor,Self-Employed
52,64.75736434019076,9,PhD,Employed
50,59.43958592285453,10,Master,Self-Employed
82,38.36122604056218,5,Master,Unemployed
89,6.562614457401295,9,Master,Unemployed
59,82.15129474074409,4,Master,Unemployed
92,37.18335292387246,13,PhD,Employed
93,81.87856433570937,10,High School,Employed
78,25.25087496883822,2,Master,Employed
62,0.10294798456333965,3,Bachelor,Employed
61,15.893828327675653,13,High School,Employed
80,46.85394167685843,11,Master,Self-Employed
95,94.43036349578298,1,High School,Employed
51,10.2193619693719,14,Bachelor,Employed
100,85.4209774461566,14,Master,Self-Employed
99,52.702409621186206,6,Bachelor,Employed
84,82.59207657998967,13,PhD,Unemployed
72,29.837443098999263,6,Master,Employed
66,83.99471646724719,1,Master,Employed
75,77.28227800168045,11,Master,Unemployed
57,23.005368303143392,13,Master,Unemployed
78,13.133512640937806,3,PhD,Unemployed
75,86.80543225322928,5,Master,Unemployed
59,96.3236653440132,3,High School,Employed
75,3.130231374751624,10,Master,Unemployed
83,73.12700669736856,3,PhD,Unemployed
100,90.95245109478184,14,Master,Self-Employed
90,85.73600920924986,10,High School,Unemployed
56,96.45204722702086,3,PhD,Unemployed
53,76.00940784380971,5,PhD,Self-Employed
99,44.22987623809102,13,High School,Self-Employed
94,31.195199049513043,5,High School,Employed
60,32.07427404381274,4,High School,Self-Employed
78,72.4422672614117,1,High School,Employed
85,74.58370120309642,5,High School,Self-Employed
74,20.035914354871267,10,PhD,Self-Employed
70,86.8122813490531,5,PhD,Employed
85,71.49240402022477,4,Master,Self-Employed
59,56.27502863433826,6,Master,Employed
86,47.15324601025127,10,Bachelor,Self-Employed
58,54.32328057899581,4,Master,Unemployed
73,15.924573827926448,14,Master,Self-Employed
84,20.37012492762742,7,High School,Employed
98,9.116449040619168,7,High School,Self-Employed
84,15.365803816111267,2,Master,Employed
97,45.36936346052827,3,Bachelor,Employed
85,53.03543937282561,1,High School,Unemployed
67,1.7861892478319374,8,Master,Unemployed
98,79.67978278640275,9,Master,Employed
88,29.416797334347788,4,PhD,Self-Employed
81,91.18360349599111,6,Bachelor,Employed
73,96.75112636137777,9,PhD,Employed
72,18.545887467665434,6,Bachelor,Self-Employed
81,46.20972907656606,14,High School,Self-Employed
86,0.12318351664258875,12,Bachelor,Self-Employed
61,59.832726512242694,12,Master,Self-Employed
98,60.730644826267124,12,Master,Employed
62,24.753995560337515,9,Bachelor,Employed
72,55.841267258319796,4,Bachelor,Unemployed
74,22.554014244373544,8,Bachelor,Employed
84,16.082546907819008,9,PhD,Self-Employed
90,65.15194668022647,4,Bachelor,Unemployed
79,32.59254639520749,5,High School,Self-Employed
66,59.02639388856225,14,PhD,Employed
98,43.32467489716556,8,PhD,Unemployed
69,98.4351407402904,12,Bachelor,Self-Employed
97,14.958064266756576,10,High School,Unemployed
74,46.459859663581014,14,PhD,Unemployed
71,68.04566263593253,6,Master,Employed
62,39.55450838799687,12,PhD,Self-Employed
68,97.46998518706899,7,Bachelor,Unemployed
98,72.18876279269351,3,High School,Unemployed
85,65.69838575644931,7,Bachelor,Self-Employed
61,75.70592676112233,12,Master,Unemployed
90,95.2648638038717,14,Master,Unemployed
68,90.78186529846401,8,Master,Unemployed
61,72.42853081264118,10,Bachelor,Self-Employed
58,74.9161639101283,6,PhD,Self-Employed
56,14.592207403514546,10,Bachelor,Self-Employed
77,10.279240449266569,9,High School,Self-Employed
63,57.09045018441643,13,PhD,Employed
80,1.836763694054,6,Master,Unemployed
68,48.23563815515916,12,Bachelor,Self-Employed
96,21.03495799188686,9,Master,Unemployed
65,34.601656764483955,13,Master,Unemployed
54,77.5804735792956,4,High School,Employed
84,94.12375042323865,8,PhD,Self-Employed
61,7.24162721463415,11,High School,Self-Employed
74,53.42422059764451,4,High School,Unemployed
70,88.25334858196,2,High School,Self-Employed
85,8.250853444042129,10,Master,Unemployed
72,82.45140468968339,11,High School,Unemployed
65,35.78013509282714,9,High School,Employed
88,32.209470221933536,5,PhD,Employed
94,97.74663863147858,4,PhD,Employed
91,20.085908986229416,2,High School,Unemployed
88,69.31939408226809,1,PhD,Self-Employed
63,82.14407280098665,11,PhD,Employed
80,4.118349527927167,7,High School,Self-Employed
54,67.03854583544123,6,Master,Employed
84,95.15499743553269,2,High School,Employed
72,12.421996672805935,8,PhD,Unemployed
78,89.62213026850382,11,Master,Employed
92,59.47766373769361,4,Bachelor,Employed
60,61.6604581862474,8,Master,Unemployed
67,61.29441748656059,7,PhD,Self-Employed
96,29.883588633731385,5,Master,Employed
61,93.52018152994597,10,High School,Unemployed
58,94.73504626310387,10,Bachelor,Employed
59,62.53046602139478,12,Bachelor,Unemployed
93,78.34227259416147,8,Bachelor,Self-Employed
66,61.2257985881158,14,PhD,Self-Employed
87,48.43984475740406,9,PhD,Unemployed
56,66.08201182992507,5,Bachelor,Unemployed
95,55.300145259195844,10,Master,Unemployed
62,59.74758626319301,5,Bachelor,Self-Employed
89,78.3832553418862,2,Master,Employed
91,48.09038314489848,5,Master,Self-Employed
58,4.075410609247276,3,PhD,Unemployed
99,16.399948098949725,7,Master,Unemployed
76,43.860721648953835,10,Bachelor,Self-Employed
51,72.48265598740583,5,PhD,Unemployed
54,59.32786483101788,8,High School,Self-Employed
78,65.02941858734539,1,High School,Unemployed
86,47.92789285762873,3,PhD,Employed
87,61.574202194224284,3,Bachelor,Employed
68,32.90174378146622,9,High School,Unemployed
57,47.01825926966651,5,High School,Self-Employed
97,74.42790655949555,12,Master,Employed
94,87.18327789731212,9,Master,Self-Employed
50,43.36553339563889,13,Bachelor,Unemployed
71,4.366165770736119,9,PhD,Self-Employed
66,16.167254414680265,1,Bachelor,Employed
56,2.08611392915381,2,PhD,Self-Employed
74,65.32630192373301,5,High School,Self-Employed
94,33.23146253551089,4,Master,Unemployed
53,54.24786357193675,10,Bachelor,Unemployed
85,49.32768467837996,9,Bachelor,Unemployed
55,8.15264895524267,7,PhD,Employed
80,40.32613611238318,6,PhD,Employed
68,22.056112492232327,7,Bachelor,Unemployed
93,41.83997886676527,1,PhD,Unemployed
88,20.35782803422427,1,Bachelor,Employed
76,84.04524062769335,8,Bachelor,Employed
59,17.419333657825366,13,Bachelor,Employed
75,96.0780551486977,13,High School,Employed
68,41.59073661469408,2,PhD,Unemployed
88,84.62452920190493,12,Master,Employed
52,62.876481820594506,10,Master,Unemployed
94,73.53502986657526,11,PhD,Self-Employed
62,76.77238880667802,9,Bachelor,Self-Employed
99,50.48448818930178,7,Master,Employed
77,54.33005233632884,6,Master,Self-Employed
69,51.3995867808725,1,PhD,Self-Employed
77,58.80583780900792,1,Master,Self-Employed
57,2.9394445756507293,2,Bachelor,Employed
90,39.551516984901525,6,PhD,Employed
88,60.618871356117154,14,Bachelor,Self-Employed
50,59.77235652558643,6,Master,Unemployed
52,79.29560946056316,2,Master,Self-Employed
62,65.50093388321085,1,Bachelor,Employed
77,99.21333163406723,10,High School,Employed
98,28.3854528608645,5,Master,Employed
74,35.915102966623145,5,High School,Self-Employed
82,38.38471518677963,2,Master,Unemployed
87,46.581280702024856,6,High School,Employed
55,83.59980637812095,9,High School,Employed
93,23.579209395920987,2,High School,Self-Employed
94,77.60002070354295,10,Bachelor,Unemployed
81,40.53101830857434,2,High School,Self-Employed
94,60.18553836620085,3,High School,Employed
96,63.25405332263061,13,High School,Unemployed
70,37.28486371889345,7,Master,Unemployed
65,51.26152052058052,6,High School,Employed
70,41.3031174647697,12,Master,Unemployed
60,6.913278618661945,8,High School,Unemployed
86,43.71653888168265,8,High School,Self-Employed
85,9.739339255355217,6,Bachelor,Employed
84,40.50207990803215,12,Master,Employed
68,59.291839983178185,11,High School,Employed
69,57.941489934350074,10,Master,Employed
67,66.26212790083204,3,Master,Employed
96,9.526150795462629,3,PhD,Unemployed
90,65.21232455304379,1,Bachelor,Self-Employed
98,31.214805669644708,7,Bachelor,Employed
63,39.90459461371111,5,Bachelor,Self-Employed
64,85.79862539227058,4,PhD,Self-Employed
80,0.9030404129550251,10,PhD,Unemployed
50,58.84126333406054,4,Bachelor,Employed
52,59.87139801001076,14,PhD,Unemployed
65,39.665977634356196,4,PhD,Employed
72,23.702785710833616,6,PhD,Unemployed
60,23.46740382615511,8,Bachelor,Self-Employed
61,88.37096696607526,8,Bachelor,Employed
59,44.20243737828575,5,Bachelor,Self-Employed
81,33.08893629891719,6,PhD,Self-Employed
65,44.877757383140306,4,Bachelor,Unemployed
57,66.93904014593613,12,PhD,Employed
87,14.57565682447517,14,High School,Self-Employed
61,44.94338352137377,11,PhD,Unemployed
73,58.7884371110387,13,Master,Employed
77,94.85833548514337,9,Bachelor,Employed
57,25.252778207541926,8,Bachelor,Self-Employed
77,35.92507479162455,10,Master,Employed
85,37.93585899224238,12,PhD,Self-Employed
75,60.553815764488284,10,High School,Employed
57,35.67320530400016,1,Master,Unemployed
99,53.35119252996956,2,Master,Self-Employed
77,78.17903298450294,9,PhD,Self-Employed
77,70.53855941122036,8,Bachelor,Employed
86,44.636864651258556,14,PhD,Employed
90,86.42161776741689,3,Master,Self-Employed
85,55.81402495938629,8,Master,Employed
76,53.99058395022125,12,Bachelor,Unemployed
66,3.4187765939158177,1,Bachelor,Employed
58,98.66929803571615,10,Bachelor,Unemployed
82,12.297080852962672,4,PhD,Unemployed
69,23.11309124276466,3,Bachelor,Unemployed
62,5.169683724152696,6,Master,Unemployed
77,64.00029668369137,7,Master,Unemployed
97,22.470117697267998,4,High School,Employed
78,18.001043747272348,7,PhD,Unemployed
62,8.855558422324139,9,High School,Employed
95,10.330895712401567,11,Master,Unemployed
84,58.467070044258875,2,High School,Self-Employed
55,68.82078658665954,11,Master,Unemployed
67,39.7378988464401,3,High School,Self-Employed
100,47.989708159207325,5,Bachelor,Unemployed
54,68.59677359829841,3,High School,Unemployed
96,1.7379790185479638,11,Bachelor,Unemployed
74,32.31306570702785,8,Bachelor,Self-Employed
51,97.30977480703464,12,PhD,Self-Employed
59,58.01122296954681,10,Bachelor,Unemployed
79,25.422457989749326,8,Bachelor,Employed
99,52.17300466362131,8,High School,Unemployed
94,34.26534881209153,12,Master,Self-Employed
54,53.22449888262991,12,PhD,Unemployed
82,12.574151180664883,9,Bachelor,Self-Employed
50,13.271465381927738,4,PhD,Self-Employed
67,14.354236203939285,5,High School,Self-Employed
81,93.98197919268418,5,Bachelor,Unemployed
96,73.28989183413418,8,High School,Self-Employed
98,16.23818946623209,7,PhD,Self-Employed
60,18.834908376560143,9,High School,Unemployed
70,73.08294748708764,14,PhD,Self-Employed
75,15.616384479217393,8,High School,Unemployed
74,23.456129333482867,2,PhD,Self-Employed
71,96.3346832820399,10,Master,Employed
76,25.530652472843187,12,High School,Employed
98,66.16323503711467,4,High School,Self-Employed
62,97.86312874005304,6,Master,Employed
82,37.42967671397926,12,Master,Unemployed
83,1.7515990862062236,2,High School,Employed
90,24.414729042237425,7,Master,Self-Employed
84,83.08771913417054,3,Bachelor,Self-Employed
50,86.46088359550367,13,PhD,Unemployed
70,76.85193645237912,3,PhD,Self-Employed
97,11.310981907657302,11,PhD,Unemployed
55,79.55103716964031,2,Bachelor,Employed
77,91.86777969935042,11,Master,Employed
66,60.06095425462361,8,Master,Unemployed
54,94.08753563380648,6,High School,Unemployed
80,82.68388837118775,1,Master,Self-Employed
54,66.69715169909072,12,High School,Employed
87,57.718523671174815,1,Bachelor,Unemployed
52,34.85736672419705,7,PhD,Employed
72,15.928744524280514,8,PhD,Unemployed
86,60.49539226905408,5,PhD,Employed
86,31.81115536181195,12,Master,Self-Employed
59,86.64386675276454,11,High School,Employed
59,99.33369373586285,5,High School,Employed
68,75.24277626155725,4,Bachelor,Employed
66,9.048169528705074,14,Master,Employed
70,28.86855955306381,6,Bachelor,Employed
63,10.910963176574972,14,High School,Self-Employed
58,65.05116477917157,6,High School,Unemployed
95,76.51908645557846,3,PhD,Employed
50,92.56748308807119,9,Master,Self-Employed
100,43.817234641198766,12,High School,Employed
94,90.13756495884444,11,PhD,Employed
62,87.78911590413276,14,Master,Unemployed
53,31.71957167653986,7,Bachelor,Employed
50,86.8900625540571,1,Master,Self-Employed
98,37.56722518817265,13,Master,Self-Employed
89,29.68692745602808,7,High School,Unemployed
81,64.90746587943931,5,High School,Employed
83,32.83812278850811,5,Master,Self-Employed
77,63.02087483291442,14,High School,Employed
80,60.98318054986945,13,High School,Employed
57,56.34389273484588,2,High School,Employed
88,38.04197042327977,4,PhD,Unemployed
75,54.849972165147676,12,PhD,Employed
83,59.64854749854216,6,Master,Self-Employed
52,54.56868884954734,10,High School,Employed
99,44.441945275120155,11,PhD,Self-Employed
61,1.466705704626381,7,Master,Employed
50,58.706170770115094,11,High School,Self-Employed
93,16.844438514271964,5,Bachelor,Self-Employed
54,64.25759689471896,9,High School,Employed
79,75.9344327922866,3,High School,Employed
79,50.04453091307415,1,PhD,Self-Employed
66,54.23636649797383,4,Master,Unemployed
97,95.14785596659911,9,Master,Employed
96,84.71673613725741,4,PhD,Unemployed
72,91.42365159514699,2,High School,Employed
64,81.37662883195864,10,Bachelor,Employed
86,10.891834184673144,14,High School,Employed
70,14.899185597019471,14,High School,Employed
63,52.662379726895956,5,Bachelor,Unemployed
51,24.606965879799823,3,PhD,Employed
60,47.66954750411592,13,Master,Self-Employed
100,39.43653238183502,12,PhD,Self-Employed
88,54.941423843045335,13,PhD,Unemployed
87,74.68757161358226,9,High School,Employed
83,71.54909070992744,4,Master,Self-Employed
87,52.12341324853343,6,Master,Unemployed
99,82.23934188170581,2,PhD,Employed
83,43.08620915380333,6,Bachelor,Self-Employed
67,89.67142898401224,3,PhD,Self-Employed
79,7.12802700551639,12,Bachelor,Unemployed
64,95.46600300333074,12,Master,Employed
76,65.46930814313482,9,PhD,Employed
100,38.00745089372053,11,High School,Self-Employed
83,19.715412657287736,2,PhD,Self-Employed
87,47.91832294435999,12,Master,Self-Employed
82,19.4558323185301,12,High School,Employed
73,16.633160774314216,9,High School,Unemployed
64,61.73517574129742,5,Bachelor,Unemployed
79,52.30847245817847,8,High School,Employed
91,67.00960346109417,2,High School,Unemployed
100,92.96058774219892,6,PhD,Self-Employed
66,53.226021333904015,3,Master,Unemployed
54,58.09320532627977,12,Bachelor,Unemployed
78,8.962633915494212,12,PhD,Unemployed
53,71.76357859086295,14,High School,Self-Employed
59,39.99052068041562,10,High School,Employed
66,97.67252386625789,5,Bachelor,Self-Employed
59,82.31740155956602,12,Master,Employed
66,52.24810405161183,8,Bachelor,Employed
69,12.322265417216604,10,PhD,Employed
73,85.94157932805892,14,Bachelor,Unemployed
54,79.97810954240217,1,High School,Unemployed
83,18.4585129537033,5,PhD,Employed
55,29.527828922031006,3,High School,Employed
51,79.34072581478372,4,Master,Unemployed
62,18.522844654740965,2,High School,Self-Employed
92,91.77524891713773,9,High School,Employed
92,42.45274251963619,3,Bachelor,Self-Employed
97,8.703896258765864,2,High School,Unemployed
60,81.57486435042809,10,PhD,Employed
100,37.35096830383876,11,PhD,Self-Employed
96,52.6499194153781,9,Master,Self-Employed
72,11.230434441121917,7,PhD,Self-Employed
65,0.2584014844982385,6,Bachelor,Unemployed
80,63.79852057932977,1,Master,Unemployed
60,51.51751703337316,5,PhD,Self-Employed
65,59.35385691231472,12,Bachelor,Self-Employed
57,79.37438503805163,11,PhD,Unemployed
53,64.66059134228601,14,PhD,Self-Employed
89,17.477344282737718,11,High School,Self-Employed
53,36.07725191105998,3,PhD,Unemployed
74,90.58911047877604,1,PhD,Self-Employed
52,76.9944700251679,4,Bachelor,Self-Employed
81,55.663705793671724,13,Bachelor,Self-Employed
52,25.56449978092723,2,High School,Unemployed
76,30.206050183479505,2,PhD,Self-Employed
78,73.19580675856345,3,High School,Unemployed
81,85.11742608527709,8,PhD,Unemployed
99,67.14246695306144,8,Master,Employed
100,80.95299757684418,12,Master,Employed
68,76.6656135200406,7,High School,Self-Employed
70,14.970396795695773,6,High School,Unemployed
54,42.3944812913302,9,High School,Employed
67,15.298380082856266,4,Bachelor,Self-Employed
77,23.52355848019848,12,Bachelor,Employed
91,86.92596246510526,1,Bachelor,Employed
71,47.289196563318214,8,High School,Unemployed
70,53.53581018426608,7,PhD,Unemployed
55,17.844596522777213,7,Master,Employed
50,31.2271786048796,3,High School,Employed
54,23.024616842786994,4,Bachelor,Unemployed
90,20.61861645184264,10,Bachelor,Self-Employed
61,63.796079331597014,9,High School,Unemployed
75,25.68838476457148,6,High School,Employed
95,63.201548602041846,5,Bachelor,Self-Employed
83,5.845461410855391,3,PhD,Employed
98,14.177439352710186,9,Bachelor,Self-Employed
63,27.45402540001254,5,Bachelor,Employed
75,59.70469168956917,5,High School,Self-Employed
94,67.5841245087376,14,PhD,Self-Employed
76,44.27169667795271,4,Bachelor,Employed
58,44.579091457722896,14,Bachelor,Self-Employed
75,72.45168513986181,4,Master,Unemployed
96,1.582109176558244,12,High School,Employed
71,34.10900244742206,1,Master,Unemployed
96,81.87070571192328,7,Master,Employed
79,60.321941021337224,9,Bachelor,Self-Employed
92,33.722713275542034,3,High School,Self-Employed
97,90.55247923296739,12,PhD,Self-Employed
66,77.26227274493826,13,Bachelor,Employed
75,26.48954472367334,2,PhD,Unemployed
85,64.52898375257169,3,PhD,Unemployed
50,59.57507281889567,1,High School,Employed
57,40.11879140389827,6,Master,Employed
98,36.695607920480064,11,High School,Unemployed
84,34.35604747757039,11,PhD,Unemployed
64,61.71557833956468,7,Bachelor,Unemployed
96,44.24099364806695,11,PhD,Unemployed
71,83.1863113251422,11,Bachelor,Employed
63,66.96026161339618,2,Bachelor,Employed
75,6.993160570943413,8,High School,Self-Employed
77,64.01682238281661,14,PhD,Unemployed
72,27.11474365001848,6,Master,Self-Employed
63,59.28119916534227,14,PhD,Employed
73,68.01319311034514,4,PhD,Employed
51,23.08291891540121,5,Master,Self-Employed
94,45.68586448803686,8,High School,Unemployed
75,19.03248628190678,14,PhD,Unemployed
63,5.233887578650831,3,PhD,Unemployed
100,37.84764234858691,3,Bachelor,Unemployed
56,36.2944271845992,14,PhD,Self-Employed
52,99.5480490704257,14,Master,Self-Employed
96,44.63523511976422,11,Bachelor,Employed
72,33.35695494722004,4,High School,Unemployed
95,58.047500671667464,1,Bachelor,Unemployed
92,8.876739410776846,9,Master,Unemployed
96,96.16657359548132,8,Master,Self-Employed
94,63.49600455910331,8,Bachelor,Unemployed
67,75.48378199408478,14,High School,Self-Employed
87,17.047793817391753,10,Bachelor,Unemployed
84,40.94778530052039,6,High School,Unemployed
100,42.26891133961895,7,Bachelor,Employed
64,82.18064439010868,6,Master,Unemployed
74,0.12366797594094425,9,PhD,Unemployed
86,30.085310835325508,3,PhD,Employed
77,98.12363743443039,14,High School,Self-Employed
59,47.488654350621864,3,High School,Self-Employed
88,38.25262802440083,3,High School,Unemployed
66,11.982900201764634,10,Master,Self-Employed
88,97.41646286280155,3,Bachelor,Unemployed
71,2.002635592582447,9,Master,Employed
75,73.71802250072432,12,PhD,Employed
93,76.85998047885084,4,High School,Unemployed
74,24.365671606386663,13,Bachelor,Employed
66,67.15584436130374,7,PhD,Employed
62,9.292914437938993,14,PhD,Unemployed
69,25.704726643207987,9,PhD,Unemployed
74,78.7901988292265,11,Master,Employed
53,86.46861920335402,12,High School,Self-Employed
59,60.84864126597913,7,PhD,Self-Employed
52,50.683843182048264,9,High School,Unemployed
